guide_id,category,text
g_001,睡前沉澱與放下,現在，請你在一個安全、舒適的地方坐下或躺平。感受身體與床鋪或椅子的接觸面。想像今天所有消耗你能量的人事物，都隨著你肩膀的下沉，慢慢化為塵埃飄散。此刻，這個空間只屬於你，你是絕對安全的，請安心休息。
g_002,睡前沉澱與放下,將房間的燈光調暗，或者輕輕閉上雙眼。不要去想明天還有多少待辦事項，把它們全部留在房門外。現在，把注意力放在你的手心，感受那裡的微溫。告訴自己：「今天我已經做得很好了，現在是我該休息的時刻。」
g_003,睡前沉澱與放下,感受四周安靜下來的空氣。如果腦海中還有揮之不去的念頭，試著把它們想像成夜空中的雲朵，看著它們緩緩飄過，不需要去抓住任何一朵。將注意力放回你的身體重量上，讓自己沉甸甸地、安穩地沒入床鋪之中。
g_004,緩解職場與日常焦慮,試著把視線從螢幕上移開，找一個稍遠的定點看著。感受你的雙腳穩穩地踩在地上，肩膀微微下沉。無論剛才經歷了多麼混亂的狀況，現在都請給自己一分鐘的空白。讓大腦裡的雜訊暫停，只需要靜靜看著窗外的光線。
g_005,緩解職場與日常焦慮,找一杯溫水，將雙手輕輕捧著杯子，感受傳遞到掌心的溫度。當思緒雜亂無章時，我們先不急著尋找答案。喝一口水，感受水流過喉嚨的感覺。把專注力帶回到你真實存在的身體上，這份踏實感，會幫你找回面對世界的節奏。
g_006,緩解職場與日常焦慮,如果現在感到胸口悶悶的，請輕輕轉動一下肩膀，或者伸個懶腰。感受肌肉從緊繃到放鬆的瞬間。你不需要立刻解決所有問題。給自己一杯茶的時間，暫時脫離那個讓你焦慮的情境，讓心跳慢慢回復平穩。
g_007,尋找自我與面對迷茫,請將雙手輕輕交疊放在胸前，感受內在微小的跳動。當我們對未來感到迷茫時，往往是因為走得太快，靈魂還沒跟上。現在，請允許自己暫時什麼都不去規劃。把思緒收回到這個瞬間，告訴自己：現在不知道答案也沒有關係，慢慢來。
g_008,尋找自我與面對迷茫,找一個安靜的角落坐下，輕輕閉上眼睛。想像你正坐在一片廣闊的草地上，風輕輕吹過。那些困擾你的選擇與迷茫，就像天上的雲朵，慢慢飄來，又慢慢飄走。你不需要立刻抓住哪一朵雲，只需要安靜地看著它們，給自己一點等待的空間。
g_009,尋找自我與面對迷茫,當你覺得失去方向時，試著回想一件最近讓你感到微小快樂的事。也許是一頓好吃的早餐，也許是一陣微風。把注意力拉回這些確實存在的美好上。未來的路還很長，不用急著在今天找到所有答案，先安頓好此時此刻的自己。
