quote_id,quote_text
quote_001,"「允許一切發生，本身就是一種溫柔的力量。」"
quote_002,"「黑夜無論有多長，太陽終究會溫暖升起。」"
quote_003,"「迷茫的時候，只要照顧好當下的這一步就好。」"
quote_004,"「生活不一定要等待晴天，雨中也可以安心踏步。」"
quote_005,"「輕輕把心收回來，放在此時此刻的小事上。」"
quote_006,"「每一個新的清晨，都是生活送給你的小禮物。」"
quote_007,"「平靜不是沒有風浪，而是心裡有一處安靜的角落。」"
quote_008,"「獨處的時候，是讓疲憊的心好好休息的時刻。」"
quote_009,"「慢慢走就好，讓心跟上你的腳步。」"
quote_010,"「希望就像一顆小種子，會在溫暖中慢慢發芽。」"
quote_011,"「想哭也沒關係，眼淚能幫心洗去滿滿的疲憊。」"
quote_012,"「不需要擁有太多，體會當下的微小美好就很充實。」"
quote_013,"「靜下心來，讓緊張的情緒慢慢鬆開。」"
quote_014,"「會感到害怕很正常，帶著溫柔的勇氣慢慢試試看。」"
quote_015,"「好好照顧自己，是給自己最溫暖的陪伴。」"
quote_016,"「安靜下來的時候，更容易聽見自己內心的需要。」"
quote_017,"「輕輕放下過去，雙手才有空間接住現在的美好。」"
quote_018,"「深呼吸，把煩惱輕輕吐出，把平靜慢慢吸入。」"
quote_019,"「順從自己的心，做一個舒服的自己就好。」"
quote_020,"「試著踏出微小的一步，前面的路會漸漸清晰。」"
quote_021,"「即使是一點點微光，也能給黑暗帶來溫暖。」"
quote_022,"「放鬆不是什麼都不做，而是讓心回到安靜的位置。」"
quote_023,"「像大樹一樣穩穩站著，風吹過了也會恢復平靜。」"
quote_024,"「雨停了之後，天空會慢慢露出溫柔的光。」"
quote_025,"「專注於眼前的小事，內心會自然變得好安靜。」"
quote_026,"「每一個新的瞬間，我們都可以重新開始。」"
quote_027,"「心如果平靜下來，看什麼都會變得好清晰。」"
quote_028,"「給自己的心留點空間，讓想像力舒服地飄浮。」"
quote_029,"「最踏實的依靠，其實一直都在你的內心深處。」"
quote_030,"「試著換個角度看，會發現世界其實很廣闊。」"
quote_031,"「給自己一點時間，混亂的心會慢慢沉澱下來。」"
quote_032,"「身邊那些微小的善意，總是能帶來滿滿的溫暖。」"
quote_033,"「接納自己的小不完美，生活會變得輕鬆許多。」"
quote_034,"「溫柔地對待自己，就像照顧一朵珍貴的小花。」"
quote_035,"「抱著感謝的心看當下，簡單的生活也能很甜。」"
quote_036,"「心中的喜悅，會像蝴蝶一樣輕盈散開。」"
quote_037,"「即使在困難的地方，生命也會找到出路綻放。」"
quote_038,"「找個安靜的地方靜靜休息，讓靈魂放個假。」"
quote_039,"「走進大自然裡，讓花草樹木撫平心中的疲憊。」"
quote_040,"「朝著心中的美好出發，沿途的風景都很溫柔。」"
quote_041,"「好好的休息，是為了能夠更長久地好好生活。」"
quote_042,"「保持一顆簡單的心，會發現身邊處處有驚喜。」"
quote_043,"「每一個盛開的瞬間，都值得被好好珍惜。」"
quote_044,"「內心像平靜的水面一樣，就不容易被外界影響。」"
quote_045,"「你本來就很棒，不需要和任何人比較。」"
quote_046,"「一句溫暖的問候，能帶走內心許多的孤單。」"
quote_047,"「擁抱未知的明天，期待生活帶來的溫柔驚喜。」"
quote_048,"「在心中種下一顆善良的種子，時間會讓它開花。」"
quote_049,"「聽聽風聲與雨聲，讓自然之音帶走你的沉重。」"
quote_050,"「無論雲層有多厚，陽光其實一直都在天空背後。」"
quote_051,"「幸福常常藏在日常生活的小細節裡。」"
quote_052,"「能順從內心的選擇，就是一種難得的自由。」"
quote_053,"「像竹子一樣保持謙虛，內心會更有韌性。」"
quote_054,"「在靜謐的時刻，最能感受內心的平靜與力量。」"
quote_055,"「關上一扇門的時候，也會有新的角落為你開啟。」"
quote_056,"「找回心中的熱情，生活會重新變得有色彩。」"
quote_057,"「用心經營小細節，平凡的日子也會閃閃發亮。」"
quote_058,"「把壓力想像成小泡泡，讓它輕輕飄走就好。」"
quote_059,"「經歷過風浪的心，會變得更加柔軟有韌性。」"
quote_060,"「溫柔不是軟弱，而是最深沉有力的陪伴。」"
quote_061,"「打開心胸，才能看見並接納更多美好的事物。」"
quote_062,"「內心的安寧，是給自己最好的禮物。」"
quote_063,"「無論走得多遠，最後都要回到內心的平靜。」"
quote_064,"「時間留下來的，都是生活裡最珍貴的點滴。」"
quote_065,"「保持內心的純潔與乾淨，不受外界紛擾影響。」"
quote_066,"「保持微笑與開心，是生活裡最美好的小智慧。」"
quote_067,"「不論外面風雨多大，心裡總能為自己留個避風港。」"
quote_068,"「你本身就在發光，不需要去照亮別人的影子。」"
quote_069,"「面向有光的地方，陰影就會自然落在身後。」"
quote_070,"「把情緒寫下來或畫出來，心裡會舒服很多。」"
quote_071,"「大口呼吸新鮮空氣，感受身體被重新點亮。」"
quote_072,"「學會放下太多的負擔，步伐才會變得輕盈。」"
quote_073,"「心裡一旦放下了，整個人都會輕鬆起來。」"
quote_074,"「像小貓一樣放鬆身體，順應內心的感覺。」"
quote_075,"「靜靜感受時間的流逝，一切都在好好進行著。」"
quote_076,"「冷冰冰的心，也會被持續的溫柔慢慢融化。」"
quote_077,"「時間帶給我們的，是越來越成熟的平靜。」"
quote_078,"「給自己一段安靜的時間，沉浸在美好的事物裡。」"
quote_079,"「順應生活的季節起伏，安然接受每個階段。」"
quote_080,"「相信內心的指引，它會帶你走過迷茫的時刻。」"
quote_081,"「即使有小小的缺點，也是光線照進來的地方。」"
quote_082,"「每一個新的開始，都充滿了溫暖與希望。」"
quote_083,"「學會好好愛自己，這是最棒的陪伴。」"
quote_084,"「堅定心中的小信念，慢慢穿過面前的迷霧。」"
quote_085,"「保持內心的活力，生活就會源源不絕地滋養你。」"
quote_086,"「雖然我們很渺小，但依然是獨一無二的存在。」"
quote_087,"「細雨能帶走空氣中的灰塵，也能撫平浮躁的心。」"
quote_088,"「默默地耕耘與努力，時間會給出溫暖的回應。」"
quote_089,"「保持自然與舒服，展現你原本最美的樣子。」"
quote_090,"「一點點微小的進步，累積起來也是大大的光芒。」"
quote_091,"「去廣闊的地方走走，把積壓在心中的壓力放飛。」"
quote_092,"「接受手作的小瑕疵，感受生命真實的溫度。」"
quote_093,"「換個心情看事情，阻礙也能變成前進的動力。」"
quote_094,"「心裡乾淨透亮，看世界也會變得非常美好。」"
quote_095,"「在平淡的生活裡，給自己點綴一點點小儀式。」"
quote_096,"「有人結伴同行，再長的路也不會覺得孤單。」"
quote_097,"「順應自然的變化，學會優雅地鬆手與放下。」"
quote_098,"「經歷過考驗的樹木，根會紮得更加穩固。」"
quote_099,"「當內心感到滿足，走到哪裡都會覺得很平靜。」"
